<?xml version="1.0"?>
<!-- Two partners: client is the killer, ClaimProcess the process to be killed -->
<BPELSuitcase>
	<BPELProcess useCorrelationSet="yes" id="InsuranceClaimKiller" src="InsuranceClaimKiller.bpel">
		<partnerLinkBindings>
			<partnerLinkBinding name="client">
				<property name="wsdlLocation">InsuranceClaimKiller.wsdl</property>
                <property name="correlation">correlationSet</property>				
			</partnerLinkBinding>
			<partnerLinkBinding name="ClaimProcess">
				<property name="wsdlLocation">http://localhost:9700/orabpel/default/InsuranceClaim/InsuranceClaim?wsdl</property>
                <property name="correlation">correlationSet</property>				
			</partnerLinkBinding>
		</partnerLinkBindings>
	</BPELProcess>
</BPELSuitcase>
