<process name="InsuranceClaim" 
   targetNamespace="http://acm.org/samples" 
   suppressJoinFailure="yes" 
   xmlns:tns="http://acm.org/samples"
   xmlns="http://schemas.xmlsoap.org/ws/2003/03/business-process/"
   xmlns:bpelx="http://schemas.oracle.com/bpel/extension"
   xmlns:ora="http://schemas.oracle.com/xpath/extension"
   xmlns:xsd="http://www.w3.org/2001/XMLSchema"
   xmlns:services="http://services.otn.com"
   xmlns:task="http://services.oracle.com/bpel/task"
   xmlns:addressing="http://schemas.xmlsoap.org/ws/2003/03/addressing"
   xmlns:bpws="http://schemas.xmlsoap.org/ws/2003/03/business-process/">

   <!-- 
      Partners in the process:
        client - app that can initiate and kill
        evalWorklist - service that this process calls to initiate 
                       a human workflow task to evaluate a claim
        anaWorklist - similar to evalWorklist, but for analysis of a claim
        esWorklist - similar, but for escalation of a claim
   -->
   <partnerLinks>
      <partnerLink name="client" partnerLinkType="tns:InsuranceClaim" 
         myRole="InsuranceClaimProvider"/>
      <partnerLink name="evalWorklist" partnerLinkType="task:TaskManager"
         partnerRole="TaskManager" myRole="TaskManagerRequester"/>
      <partnerLink name="anaWorklist" partnerLinkType="task:TaskManager" 
         partnerRole="TaskManager" myRole="TaskManagerRequester"/>
      <partnerLink name="esWorklist" partnerLinkType="task:TaskManager" 
         partnerRole="TaskManager" myRole="TaskManagerRequester"/>
   </partnerLinks>
   <variables>
      <variable name="status" type="xsd:string"/>
      <variable messageType="tns:InsuranceClaimMsg" name="initiateMsg"/>
      <variable messageType="tns:InsuranceClaimMsg" name="killEv"/>
   </variables>

   <!-- Message correlation to be performed on the ClaimID field -->
   <correlationSets>
      <correlationSet name="claim" properties="tns:claimID"/>
   </correlationSets>

   <!--This code is commented out because it does not work.  See note below.
            Its purpose is to globally receive a kill event (correlated with the claim ID from the original initate)
            and terminate the process.
   <eventHandlers>
      <onMessage xmlns=http://schemas.xmlsoap.org/ws/2003/03/business-process/
         partnerLink="client" portType="tns:InsuranceClaim" operation="kill"
         variable="killEv">
         <correlations>
            <correlation set="claim" initiate="no"/>
         </correlations>
         <sequence>
            <assign name="setStatusKilled">
               <copy>
                  <from expression="string('killed')">
                  </from>
                  <to variable="status"/>
               </copy>
            </assign>
            <bpelx:exec xmlns:bpelx=http://schemas.oracle.com/bpel/extension
               language="java" version="1.4" name="jkill">
               <![CDATA[
           System.out.println("**** CLAIM KILLED ****");
        ]]>
            </bpelx:exec>
            <terminate name="killClaim"/>
         </sequence>
      </onMessage>
   </eventHandlers>
   --> 

   <sequence>

      <!-- We start with a receive activity: get the initiate message.  Will 
         correlate on claim set defined above 
      -->
      <receive xmlns="http://schemas.xmlsoap.org/ws/2003/03/business-process/"
         partnerLink="client" portType="tns:InsuranceClaim" operation="initiate"
         variable="initiateMsg" createInstance="yes" name="initiateEvent">
         <correlations>
            <correlation set="claim" initiate="yes"/>
         </correlations>
      </receive>
      <!-- keep track of where we are: set variable status to initiated -->
      <assign name="setStatus">
         <copy>
            <from expression="string('initiated')">
            </from>
            <to variable="status"/>
         </copy>
      </assign>

      <!-- The flow, described in detail earlier in this chapter -->
      <flow name="MainFlow">
         <links>
            <link name="evalReject"/>
            <link name="evalAccept"/>
            <link name="evalAnalysis"/>
            <link name="anaReject"/>
            <link name="anaAccept"/>
            <link name="anaTO"/>
            <link name="esReject"/>
            <link name="esAccept"/>
         </links>

         <!-- This sequence has the logic for evaluation of a claim. -->
         <sequence name="EvalSeq">
            <!-- 
               The three outcomes, based on the value of the variable status.
               Each link is a target in a sequence below.
            --> 
            <source linkName="evalReject" 
               transitionCondition="bpws:getVariableData('status')='rejected'"/>
            <source linkName="evalAccept" 
               transitionCondition="bpws:getVariableData('status')='accepted'"/>
            <source linkName="evalAnalysis" 
          transitionCondition="bpws:getVariableData('status')='requiresAnalysis'"/>
            <scope name="EvaluateClaim" variableAccessSerializable="no">
               <variables>
                  <variable name="EvaluateClaimTask" element="task:task"/>
               </variables>
               <sequence>
                  <!-- Set the variable EvaluateClaimTask with data specific to the
                     analysis task.  E.g., title, assignee, priority, attachment
                  -->
                  <assign name="configureTask">
                     <copy>
                        <from expression="string( 'EvaluateClaim' )"/>
                        <to variable="EvaluateClaimTask" 
                           query="/task:task/task:title"/>
                     </copy>
                     <copy>
                        <from expression="string( 'InsuranceClaim' )"/>
                        <to variable="EvaluateClaimTask" 
                           query="/task:task/task:creator"/>
                     </copy>
                     <copy>
                        <from expression="string( 'agent' )"/>
                        <to variable="EvaluateClaimTask" 
                           query="/task:task/task:assignee"/>
                     </copy>
                     <copy>
                        <from expression="3"/>
                        <to variable="EvaluateClaimTask" 
                           query="/task:task/task:priority"/>
                     </copy>
                     <copy>
                        <from variable="initiateMsg" part="payload"
                           query="/tns:InsuranceClaimMsg/tns:data"/>
                        <to variable="EvaluateClaimTask" 
                           query="/task:task/task:attachment"/>
                     </copy>
                  </assign>
                  <scope name="EvaluateClaimUserInteraction"
                     variableAccessSerializable="no">
                     <variables>
                        <variable name="taskRequest" 
                           messageType="task:taskMessage"/>
                        <variable name="taskResponse" 
                           messageType="task:taskMessage"/>
                     </variables>
                     <sequence>
                        <assign name="setPayload">
                           <copy>
                              <from variable="EvaluateClaimTask"/>
                              <to variable="taskRequest" part="payload"/>
                           </copy>
                        </assign>

                        <!--call evalWorklist partner to initiate the task, passing
                           the data defined above.
                        --> 
                        <invoke name="initiateTask" partnerLink="evalWorklist" 
                           portType="task:TaskManager" operation="initiateTask" 
                           inputVariable="taskRequest"/>
                        <!-- get back the result, possibly a long time later -->
                        <receive name="receiveTaskResult"
                           partnerLink="evalWorklist" 
                           portType="task:TaskManagerCallback"
                           operation="onTaskResult" variable="taskResponse"/>
                        <!-- set variable status with result.Use for routing --> 
                        <assign name="setStatus">
                           <copy>
                              <from variable="taskResponse" part="payload" 
                                 query="/task:task/task:conclusion">
                              </from>
                              <to variable="status"/>
                           </copy>
                        </assign>
                     </sequence>
                  </scope>
               </sequence>
            </scope>
         </sequence>
         <sequence name="AnalyzeSeq">
            <target linkName="evalAnalysis"/>
            <source linkName="anaReject"
               transitionCondition="bpws:getVariableData('status')='rejected'"/>
            <source linkName="anaAccept" 
               transitionCondition="bpws:getVariableData('status')='accepted'"/>
            <source linkName="anaTO" 
               transitionCondition="bpws:getVariableData('status')='timeout'"/>
            <scope name="AnalyzeClaim" variableAccessSerializable="no">
               <variables>
                  <variable name="AnalyzeClaimTask" element="task:task"/>
               </variables>
               <sequence>
                  <assign name="configureTask">
                     <copy>
                        <from expression="string( 'AnalyzeClaim' )"/>
                        <to variable="AnalyzeClaimTask" 
                           query="/task:task/task:title"/>
                     </copy>
                     <copy>
                        <from expression="string( 'InsuranceClaim' )"/>
                        <to variable="AnalyzeClaimTask" 
                           query="/task:task/task:creator"/>
                     </copy>
                     <copy>
                        <from expression="string( 'adjuster' )"/>
                        <to variable="AnalyzeClaimTask" 
                           query="/task:task/task:assignee"/>
                     </copy>
                     <copy>
                        <from expression="3"/>
                        <to variable="AnalyzeClaimTask" 
                           query="/task:task/task:priority"/>
                     </copy>
                     <copy>
                        <from variable="initiateMsg" part="payload" 
                           query="/tns:InsuranceClaimMsg/tns:data"/>
                        <to variable="AnalyzeClaimTask" 
                           query="/task:task/task:attachment"/>
                     </copy>
                  </assign>
                  <scope name="AnalyzeClaimUserInteraction" 
                     variableAccessSerializable="no">
                     <variables>
                        <variable name="taskRequest" 
                           messageType="task:taskMessage"/>
                        <variable name="taskResponse" 
                           messageType="task:taskMessage"/>
                     </variables>
                     <sequence>
                        <assign name="setPayload">
                           <copy>
                              <from variable="AnalyzeClaimTask"/>
                              <to variable="taskRequest" part="payload"/>
                           </copy>
                        </assign>
                        <invoke name="initiateTask" partnerLink="anaWorklist"
                           portType="task:TaskManager" operation="initiateTask" 
                           inputVariable="taskRequest"/>
                        <pick name="analyzePick">
                           <onMessage partnerLink="anaWorklist" 
                              portType="task:TaskManagerCallback" 
                              operation="onTaskResult" variable="taskResponse">
                              <sequence>
                                 <assign name="setStatusEvaluated">
                                    <copy>
                                       <from variable="taskResponse" part="payload" 
                                           query="/task:task/task:conclusion">
                                       </from>
                                       <to variable="status"/>
                                    </copy>
                                 </assign>
                              </sequence>
                           </onMessage>
                           <onAlarm for="PT1M">
                              <sequence>
                                 <invoke name="stopEvalTask"
                                    partnerLink="anaWorklist" 
                                    portType="task:TaskManager"
                                    operation="completeTask"
                                    inputVariable="taskRequest"/>
                                 <assign name="setStatusAnalyzeTimeout">
                                    <copy>
                                       <from expression="string('timeout')">
                                       </from>
                                       <to variable="status"/>
                                    </copy>
                                 </assign>
                              </sequence>
                           </onAlarm>
                        </pick>
                     </sequence>
                  </scope>
               </sequence>
            </scope>
         </sequence>
         <sequence name="EscalateSeq">
            <target linkName="anaTO"/>
            <source linkName="esReject"
               transitionCondition="bpws:getVariableData('status')='rejected'"/>
            <source linkName="esAccept"
               transitionCondition="bpws:getVariableData('status')='accepted'"/>
            <scope name="EscalateClaim" variableAccessSerializable="no">
               <variables>
                  <variable name="EscalateClaimTask" element="task:task"/>
               </variables>
               <sequence>
                  <assign name="configureTask">
                     <copy>
                        <from expression="string( 'EvaluateClaim' )"/>
                        <to variable="EscalateClaimTask" 
                           query="/task:task/task:title"/>
                     </copy>
                     <copy>
                        <from expression="string( 'InsuranceClaim' )"/>
                        <to variable="EscalateClaimTask" 
                           query="/task:task/task:creator"/>
                     </copy>
                     <copy>
                        <from expression="string( 'manager' )"/>
                        <to variable="EscalateClaimTask" 
                           query="/task:task/task:assignee"/>
                     </copy>
                     <copy>
                        <from expression="1"/>
                        <to variable="EscalateClaimTask" 
                           query="/task:task/task:priority"/>
                     </copy>
                     <copy>
                        <from variable="initiateMsg" part="payload" 
                           query="/tns:InsuranceClaimMsg/tns:data"/>
                        <to variable="EscalateClaimTask" 
                           query="/task:task/task:attachment"/>
                     </copy>
                  </assign>
                  <scope name="EscalateClaimUserInteraction" 
                     variableAccessSerializable="no">
                     <variables>
                        <variable name="taskRequest" 
                           messageType="task:taskMessage"/>
                        <variable name="taskResponse" 
                           messageType="task:taskMessage"/>
                     </variables>
                     <sequence>
                        <assign name="setPayload">
                           <copy>
                              <from variable="EscalateClaimTask"/>
                              <to variable="taskRequest" part="payload"/>
                           </copy>
                        </assign>
                        <invoke name="initiateTask" partnerLink="esWorklist" 
                           portType="task:TaskManager" operation="initiateTask" 
                           inputVariable="taskRequest"/>
                        <receive name="receiveTaskResult" partnerLink="esWorklist"
                           portType="task:TaskManagerCallback" 
                           operation="onTaskResult" variable="taskResponse"/>
                        <assign name="setStatus">
                           <copy>
                              <from variable="taskResponse" part="payload"
                                 query="/task:task/task:conclusion">
                              </from>
                              <to variable="status"/>
                           </copy>
                        </assign>
                     </sequence>
                  </scope>
               </sequence>
            </scope>
         </sequence>
         <sequence name="RejectSeq">
            <target linkName="evalReject"/>
            <target linkName="anaReject"/>
            <target linkName="esReject"/>
            <assign xmlns=http://schemas.xmlsoap.org/ws/2003/03/business-process/
               name="setStatusRejectComplete">
               <copy>
                  <from expression="string('Reject Letter Sent')">
                  </from>
                  <to variable="status"/>
               </copy>
            </assign>
            <bpelx:exec xmlns:bpelx=http://schemas.oracle.com/bpel/extension
               language="java" version="1.4" name="jreject">
               <![CDATA[
           System.out.println("**** CLAIM REJECTED ****");        ]]>
            </bpelx:exec>
            <!-- terminate the process, see note below -->   <terminate/>    
         </sequence>
         <sequence name="ActivateSeq">
            <target linkName="evalAccept"/>
            <target linkName="anaAccept"/>
            <target linkName="esAccept"/>
            <assign xmlns=http://schemas.xmlsoap.org/ws/2003/03/business-process/
               name="setStatusAcceptComplete">
               <copy>
                  <from expression="string('Letter and Reimbursement Sent')">
                  </from>
                  <to variable="status"/>
               </copy>
            </assign>
            <bpelx:exec xmlns:bpelx=http://schemas.oracle.com/bpel/extension
               language="java" version="1.4" name="jactivate">
               <![CDATA[
           System.out.println("**** CLAIM ACCEPTED AND ACTIVATED ****");        ]]>
            </bpelx:exec>
            <!-- terminate the process, see note below --> <terminate/>
         </sequence>
         <!-- at any time in the flow, respond to the kill event by terminating the process.  See note below -->
         <sequence name="CancelSeq">
            <receive 
               xmlns="http://schemas.xmlsoap.org/ws/2003/03/business-process/" 
               partnerLink="client" portType="tns:InsuranceClaim"
               operation="initiate" variable="initiateMsg" createInstance="no"
               name="initiateEvent">
               <correlations>
                  <correlation set="claim" initiate="no"/>
               </correlations>
            </receive>
            <assign name="setStatus">
               <copy>
                  <from expression="string('killed')">
                  </from>
                  <to variable="status"/>
               </copy>
            </assign>
            <bpelx:exec xmlns:bpelx=http://schemas.oracle.com/bpel/extension
               language="java" version="1.4" name="jkill">
               <![CDATA[
           System.out.println("**** CLAIM KILLED ****");
        ]]>
            </bpelx:exec>
            <terminate/>
         </sequence>
      </flow>
   </sequence>
</process>