<?xml version="1.0"?>
<BPELSuitcase>
	<BPELProcess id="InsuranceClaim" src="InsuranceClaim.bpel" useCorrelationSet="yes">
		<partnerLinkBindings>
			<partnerLinkBinding name="client">
				<property name="correlation">correlationSet</property>
				<property name="wsdlLocation">InsuranceClaim.wsdl</property>
			</partnerLinkBinding>
			<partnerLinkBinding name="evalWorklist">
				<property name="wsdlLocation">
http://localhost:9700/orabpel/default/TaskManager/TaskManager?wsdl</property>
			</partnerLinkBinding>
			<partnerLinkBinding name="anaWorklist">
				<property name="wsdlLocation">
http://localhost:9700/orabpel/default/TaskManager/TaskManager?wsdl</property>
			</partnerLinkBinding>
			<partnerLinkBinding name="esWorklist">
				<property name="wsdlLocation">
http://localhost:9700/orabpel/default/TaskManager/TaskManager?wsdl</property>
			</partnerLinkBinding>
		</partnerLinkBindings>
	</BPELProcess>
</BPELSuitcase>
