<?xml version="1.0"?>
<BPELSuitcase>
	<BPELProcess id="MBPension" src="MBPension.bpel">
		<partnerLinkBindings>
			<partnerLinkBinding name="client">
				<property name="wsdlLocation">MBPension.wsdl</property>
			</partnerLinkBinding>
			<partnerLinkBinding name="payroll">
				<property name="wsdlLocation">http://localhost:9700/orabpel/default/PayrollService/PayrollService?wsdl</property>
			</partnerLinkBinding>
			<partnerLinkBinding name="hr">
				<property name="wsdlLocation">http://localhost:9700/orabpel/default/HRService/HRService?wsdl</property>
			</partnerLinkBinding>
		</partnerLinkBindings>
	</BPELProcess>
</BPELSuitcase>
